"OBJECT_ID","S_INFO_WINDCODE","S_CON_WINDCODE","TRADE_DT","I_WEIGHT","S_IN_INDEX","I_WEIGHT_11","I_WEIGHT_12","I_WEIGHT_14","I_WEIGHT_15","I_WEIGHT_16","I_WEIGHT_17","I_WEIGHT_18","OPDATE","OPMODE"
{A47D4BD5-B084-6AFB-E053-1001C80AF09B},"000300.SH","002081.SZ","20200430",0.098,1605845213,2676408689,,1,8.06,,21571854033.34,12943112416.78,2020-04-30 15:30:51.000,"0"
{A47D4BD5-B085-6AFB-E053-1001C80AF09B},"000300.SH","600018.SH","20200430",0.1466,4634734930,23173674650,,1,4.18,,96865960037,19373192007.4,2020-04-30 15:30:51.000,"0"
{A47D4BD5-B086-6AFB-E053-1001C80AF09B},"000300.SH","601398.SH","20200430",0.8439,21568977003,269612212539,,1,5.17,,1393895138826.63,111511611105.51,2020-04-30 15:30:51.000,"0"
{A47D4BD5-B087-6AFB-E053-1001C80AF09B},"000300.SH","601628.SH","20200430",0.3598,1665882400,20823530000,,1,28.54,,594303546200,47544283696,2020-04-30 15:30:51.000,"0"
{A47D4BD5-B088-6AFB-E053-1001C80AF09B},"000300.SH","002120.SZ","20200430",0.1495,667885940,2226286468,,1,29.57,,65831290858.76,19749387245.8,2020-04-30 15:30:51.000,"0"
{A47D4BD5-B089-6AFB-E053-1001C80AF09B},"000300.SH","601166.SH","20200430",1.8291,14541933526,20774190751,,1,16.62,,345267050281.62,241686935202.12,2020-04-30 15:30:51.000,"0"
{A47D4BD5-B08A-6AFB-E053-1001C80AF09B},"000300.SH","601318.SH","20200430",6.1045,10832664498,10832664498,,1,74.46,,806600198521.08,806600198521.08,2020-04-30 15:30:51.000,"0"
{A47D4BD5-B08B-6AFB-E053-1001C80AF09B},"000300.SH","000338.SZ","20200430",0.486,4792667116,5990833895,,1,13.4,,80277174193,64221739354.4,2020-04-30 15:30:51.000,"0"
{A47D4BD5-B08C-6AFB-E053-1001C80AF09B},"000300.SH","601998.SH","20200430",0.1206,3064738157,34052646194,,1,5.2,,177073760208.8,15936638416.4,2020-04-30 15:30:51.000,"0"
{A47D4BD5-B08D-6AFB-E053-1001C80AF09B},"000300.SH","601328.SH","20200430",1.0771,27475604811,39250864015,,1,5.18,,203319475597.7,142323632920.98,2020-04-30 15:30:51.000,"0"
{A47D4BD5-B08E-6AFB-E053-1001C80AF09B},"000300.SH","601600.SH","20200430",0.141,6539353492,13078706983,,1,2.85,,37274314901.55,18637157452.2,2020-04-30 15:30:51.000,"0"
{A47D4BD5-B08F-6AFB-E053-1001C80AF09B},"000300.SH","601919.SH","20200430",0.1055,3871571691,9678929227,,1,3.6,,34844145217.2,13937658087.6,2020-04-30 15:30:51.000,"0"
{A47D4BD5-B090-6AFB-E053-1001C80AF09B},"000300.SH","002142.SZ","20200430",0.5548,2814164764,5628329528,,1,26.05,,146617984204.4,73308992102.2,2020-04-30 15:30:51.000,"0"
{A47D4BD5-B091-6AFB-E053-1001C80AF09B},"000300.SH","601009.SH","20200430",0.3494,6004210184,10007016973,,1,7.69,,76953960522.37,46172376314.96,2020-04-30 15:30:51.000,"0"
{A47D4BD5-B092-6AFB-E053-1001C80AF09B},"000300.SH","601088.SH","20200430",0.3976,3298207591,16491037955,,1,15.93,,262702234623.15,52540446924.63,2020-04-30 15:30:51.000,"0"
{A47D4BD5-B093-6AFB-E053-1001C80AF09B},"000300.SH","002304.SZ","20200430",0.4491,602795200,1506988000,,1,98.44,,148347898720,59339159488,2020-04-30 15:30:51.000,"0"
{A47D4BD5-B094-6AFB-E053-1001C80AF09B},"000300.SH","601857.SH","20200430",0.3265,9715324669,161922077818,,1,4.44,,718934025511.92,43136041530.36,2020-04-30 15:30:51.000,"0"
{A47D4BD5-B095-6AFB-E053-1001C80AF09B},"000300.SH","601390.SH","20200430",0.3612,8145415713,20363539283,,1,5.86,,119330340198.38,47732136078.18,2020-04-30 15:30:51.000,"0"
{A47D4BD5-B096-6AFB-E053-1001C80AF09B},"000300.SH","002202.SZ","20200430",0.2086,2761196198,3451495248,,1,9.98,,34445922575.04,27556738056.04,2020-04-30 15:30:51.000,"0"
{A47D4BD5-B097-6AFB-E053-1001C80AF09B},"000300.SH","601601.SH","20200430",0.732,3143350000,6286700000,,1,30.77,,193441759000,96720879500,2020-04-30 15:30:51.000,"0"
{A47D4BD5-B098-6AFB-E053-1001C80AF09B},"000300.SH","300024.SZ","20200430",0.1089,1092167732,1560239617,,1,13.18,,20563958152.06,14394770707.76,2020-04-30 15:30:51.000,"0"
{A47D4BD5-B099-6AFB-E053-1001C80AF09B},"000300.SH","601899.SH","20200430",0.4068,13748223962,19640319946,,1,3.91,,76793650988.86,53755555691.42,2020-04-30 15:30:51.000,"0"
{A47D4BD5-B09A-6AFB-E053-1001C80AF09B},"000300.SH","601898.SH","20200430",0.0529,1830400080,9152000400,,1,3.82,,34960641528,6992128305.6,2020-04-30 15:30:51.000,"0"
{A47D4BD5-B09B-6AFB-E053-1001C80AF09B},"000300.SH","601186.SH","20200430",0.3406,4601298200,11503245500,,1,9.78,,112501740990,45000696396,2020-04-30 15:30:51.000,"0"
{A47D4BD5-B09C-6AFB-E053-1001C80AF09B},"000300.SH","002230.SZ","20200430",0.3876,1539002547,2198575067,,1,33.28,,73168578229.76,51218004764.16,2020-04-30 15:30:51.000,"0"
{A47D4BD5-B09D-6AFB-E053-1001C80AF09B},"000300.SH","002236.SZ","20200430",0.2304,1804794738,3007991230,,1,16.87,,50744812050.1,30446887230.06,2020-04-30 15:30:51.000,"0"
{A47D4BD5-B09E-6AFB-E053-1001C80AF09B},"000300.SH","002252.SZ","20200430",0.1296,2022236372,6740787907,,1,8.47,,57094473572.29,17128342070.84,2020-04-30 15:30:51.000,"0"
{A47D4BD5-B09F-6AFB-E053-1001C80AF09B},"000300.SH","002241.SZ","20200430",0.3327,2271572764,3245103948,,1,19.35,,62792761393.8,43954932983.4,2020-04-30 15:30:51.000,"0"
{A47D4BD5-B0A0-6AFB-E053-1001C80AF09B},"000300.SH","601901.SH","20200430",0.2218,4116050698,8232101395,,1,7.12,,58612561932.4,29306280969.76,2020-04-30 15:30:51.000,"0"
{A47D4BD5-B0A1-6AFB-E053-1001C80AF09B},"000300.SH","601878.SH","20200430",0.0991,1333338077,3333345193,,1,9.82,,32733449795.26,13093379916.14,2020-04-30 15:30:51.000,"0"
{A47D4BD5-B0A2-6AFB-E053-1001C80AF09B},"000300.SH","002673.SZ","20200430",0.1053,1750919885,3501839770,,1,7.95,,27839626171.5,13919813085.75,2020-04-30 15:30:51.000,"0"
{A47D4BD5-B0A3-6AFB-E053-1001C80AF09B},"000300.SH","601198.SH","20200430",0.1119,1378980329,2757960657,,1,10.72,,29565338243.04,14782669126.88,2020-04-30 15:30:51.000,"0"
{A47D4BD5-B0A4-6AFB-E053-1001C80AF09B},"000300.SH","601288.SH","20200430",1.0032,38309305293,319244210777,,1,3.46,,1104584969288.42,132550196313.78,2020-04-30 15:30:51.000,"0"
{A47D4BD5-B0A5-6AFB-E053-1001C80AF09B},"000300.SH","601838.SH","20200430",0.1059,1806125667,3612251334,,1,7.75,,27994947838.5,13997473919.25,2020-04-30 15:30:51.000,"0"
{A47D4BD5-B0A6-6AFB-E053-1001C80AF09B},"000300.SH","601997.SH","20200430",0.1539,2574422928,3218028660,,1,7.9,,25422426414,20337941131.2,2020-04-30 15:30:51.000,"0"
{A47D4BD5-B0A7-6AFB-E053-1001C80AF09B},"000300.SH","601229.SH","20200430",0.4392,7103264350,14206528700,,1,8.17,,116067339479,58033669739.5,2020-04-30 15:30:51.000,"0"
{A47D4BD5-B0A8-6AFB-E053-1001C80AF09B},"000300.SH","601162.SH","20200430",0.028,673400000,6734000000,,1,5.49,,36969660000,3696966000,2020-04-30 15:30:51.000,"0"
{A47D4BD5-B0A9-6AFB-E053-1001C80AF09B},"000300.SH","601668.SH","20200430",0.8323,20987814856,41975629711,,1,5.24,,219952299685.64,109976149845.44,2020-04-30 15:30:51.000,"0"
{A47D4BD5-B0AA-6AFB-E053-1001C80AF09B},"000300.SH","002271.SZ","20200430",0.2745,938646076,1564410126,,1,38.64,,60448807268.64,36269284376.64,2020-04-30 15:30:51.000,"0"
{A47D4BD5-B0AB-6AFB-E053-1001C80AF09B},"000300.SH","601788.SH","20200430",0.1653,1953349420,3906698839,,1,11.18,,43676893020.02,21838446515.6,2020-04-30 15:30:51.000,"0"
{A47D4BD5-B0AC-6AFB-E053-1001C80AF09B},"000300.SH","601766.SH","20200430",0.4559,9731119219,24327798048,,1,6.19,,150589069917.12,60235627965.61,2020-04-30 15:30:51.000,"0"
{A47D4BD5-B0AD-6AFB-E053-1001C80AF09B},"000300.SH","601633.SH","20200430",0.0735,1205545800,6027729000,,1,8.06,,48583495740,9716699148,2020-04-30 15:30:51.000,"0"
{A47D4BD5-B0AE-6AFB-E053-1001C80AF09B},"000300.SH","601727.SH","20200430",0.1341,3653864951,12179549836,,1,4.85,,59070816704.6,17721245012.35,2020-04-30 15:30:51.000,"0"
{A47D4BD5-B0AF-6AFB-E053-1001C80AF09B},"000300.SH","002294.SZ","20200430",0.0593,418406400,1046016000,,1,18.72,,19581419520,7832567808,2020-04-30 15:30:51.000,"0"
{A47D4BD5-B0B0-6AFB-E053-1001C80AF09B},"000300.SH","600999.SH","20200430",0.3999,2859504075,5719008149,,1,18.48,,105687270593.52,52843635306,2020-04-30 15:30:51.000,"0"
{A47D4BD5-B0B1-6AFB-E053-1001C80AF09B},"000300.SH","601888.SH","20200430",0.6746,976237772,1952475544,,1,91.3,,178261017167.2,89130508583.6,2020-04-30 15:30:51.000,"0"
{A47D4BD5-B0B2-6AFB-E053-1001C80AF09B},"000300.SH","601989.SH","20200430",0.2888,9151917297,22879793243,,1,4.17,,95408737823.31,38163495128.49,2020-04-30 15:30:51.000,"0"
{A47D4BD5-B0B3-6AFB-E053-1001C80AF09B},"000300.SH","002311.SZ","20200430",0.2581,790435467,1580870934,,1,43.15,,68214580802.1,34107290401.05,2020-04-30 15:30:51.000,"0"
{A47D4BD5-B0B4-6AFB-E053-1001C80AF09B},"000300.SH","601618.SH","20200430",0.1389,7141047668,17852619170,,1,2.57,,45881231266.9,18352492506.76,2020-04-30 15:30:51.000,"0"
{A47D4BD5-B0B5-6AFB-E053-1001C80AF09B},"000300.SH","601117.SH","20200430",0.1152,2466500000,4933000000,,1,6.17,,30436610000,15218305000,2020-04-30 15:30:51.000,"0"
{A47D4BD5-B0B6-6AFB-E053-1001C80AF09B},"000300.SH","300003.SZ","20200430",0.3083,1068991753,1781652921,,1,38.11,,67898792819.31,40739275706.83,2020-04-30 15:30:51.000,"0"
{A47D4BD5-B0B7-6AFB-E053-1001C80AF09B},"000300.SH","601877.SH","20200430",0.2027,1075619958,2151239916,,1,24.9,,53565873908.4,26782936954.2,2020-04-30 15:30:51.000,"0"
{A47D4BD5-B0B8-6AFB-E053-1001C80AF09B},"000300.SH","300017.SZ","20200430",0.1208,1946254894,2432818617,,1,8.2,,19949112659.4,15959290130.8,2020-04-30 15:30:51.000,"0"
{A47D4BD5-B0B9-6AFB-E053-1001C80AF09B},"000300.SH","300015.SZ","20200430",0.4163,1239124491,3097811227,,1,44.39,,137511840366.53,55004736155.49,2020-04-30 15:30:51.000,"0"
{A47D4BD5-B0BA-6AFB-E053-1001C80AF09B},"000300.SH","300033.SZ","20200430",0.1944,215040000,537600000,,1,119.45,,64216320000,25686528000,2020-04-30 15:30:51.000,"0"
{A47D4BD5-B0BB-6AFB-E053-1001C80AF09B},"000300.SH","002352.SZ","20200430",0.3127,882917053,4414585265,,1,46.79,,206558444549.35,41311688909.87,2020-04-30 15:30:51.000,"0"
{A47D4BD5-B0BC-6AFB-E053-1001C80AF09B},"000300.SH","601688.SH","20200430",0.6061,4414562592,7357604320,,1,18.14,,133466942364.8,80080165418.88,2020-04-30 15:30:51.000,"0"
{A47D4BD5-B0BD-6AFB-E053-1001C80AF09B},"000300.SH","002410.SZ","20200430",0.269,676531163,1127551939,,1,52.54,,59241578875.06,35544947304.02,2020-04-30 15:30:51.000,"0"
{A47D4BD5-B0BE-6AFB-E053-1001C80AF09B},"000300.SH","300059.SZ","20200430",0.7416,5372486924,6715608655,,1,18.24,,122492701867.2,97994161493.76,2020-04-30 15:30:51.000,"0"
{A47D4BD5-B0BF-6AFB-E053-1001C80AF09B},"000300.SH","002411.SZ","20200430",0.0358,612913564,1532283909,,1,7.72,,11829231777.48,4731692714.08,2020-04-30 15:30:51.000,"0"
{A47D4BD5-B0C0-6AFB-E053-1001C80AF09B},"000300.SH","002415.SZ","20200430",0.907,3738004278,9345010696,,1,32.06,,299601042913.76,119840417152.68,2020-04-30 15:30:51.000,"0"
{A47D4BD5-B0C1-6AFB-E053-1001C80AF09B},"000300.SH","002422.SZ","20200430",0.1272,863871636,1439786060,,1,19.45,,28003838867,16802303320.2,2020-04-30 15:30:51.000,"0"
{A47D4BD5-B0C2-6AFB-E053-1001C80AF09B},"000300.SH","002456.SZ","20200430",0.2185,1899006988,2712867125,,1,15.2,,41235580300,28864906217.6,2020-04-30 15:30:51.000,"0"
{A47D4BD5-B0C3-6AFB-E053-1001C80AF09B},"000300.SH","300070.SZ","20200430",0.1371,1898757956,3164596594,,1,9.54,,30190251506.76,18114150900.24,2020-04-30 15:30:51.000,"0"
{A47D4BD5-B0C4-6AFB-E053-1001C80AF09B},"000300.SH","601012.SH","20200430",0.6157,2640411730,3772016757,,1,30.81,,116215836283.17,81351085401.3,2020-04-30 15:30:51.000,"0"
{A47D4BD5-B0C5-6AFB-E053-1001C80AF09B},"000300.SH","002466.SZ","20200430",0.1116,890750597,1484584329,,1,16.56,,24584716488.24,14750829886.32,2020-04-30 15:30:51.000,"0"
{A47D4BD5-B0C6-6AFB-E053-1001C80AF09B},"000300.SH","002460.SZ","20200430",0.268,764690109,1092414441,,1,46.31,,50589712762.71,35412798947.79,2020-04-30 15:30:51.000,"0"
{A47D4BD5-B0C7-6AFB-E053-1001C80AF09B},"000300.SH","300124.SZ","20200430",0.2575,1039703554,1732839256,,1,32.73,,56715828848.88,34029497322.42,2020-04-30 15:30:51.000,"0"
{A47D4BD5-B0C8-6AFB-E053-1001C80AF09B},"000300.SH","601018.SH","20200430",0.0996,3951854343,13172847809,,1,3.33,,43865583203.97,13159674962.19,2020-04-30 15:30:51.000,"0"
{A47D4BD5-B0C9-6AFB-E053-1001C80AF09B},"000300.SH","002468.SZ","20200430",0.0383,306160433,1530802166,,1,16.51,,25273543760.66,5054708748.83,2020-04-30 15:30:51.000,"0"
{A47D4BD5-B0CA-6AFB-E053-1001C80AF09B},"000300.SH","601377.SH","20200430",0.2139,4687670172,6696671674,,1,6.03,,40380930194.22,28266651137.16,2020-04-30 15:30:51.000,"0"
{A47D4BD5-B0CB-6AFB-E053-1001C80AF09B},"000300.SH","601336.SH","20200430",0.2838,834175736,2085439340,,1,44.95,,93740498333,37496199333.2,2020-04-30 15:30:51.000,"0"
{A47D4BD5-B0CC-6AFB-E053-1001C80AF09B},"000300.SH","002475.SZ","20200430",1.1491,3209401043,5349001738,,1,47.31,,253061272224.78,151836763344.33,2020-04-30 15:30:51.000,"0"
{A47D4BD5-B0CD-6AFB-E053-1001C80AF09B},"000300.SH","601818.SH","20200430",0.4495,15924229906,39810574765,,1,3.73,,148493443873.45,59397377549.38,2020-04-30 15:30:51.000,"0"
{A47D4BD5-B0CE-6AFB-E053-1001C80AF09B},"000300.SH","300122.SZ","20200430",0.2876,480000000,1600000000,,1,79.16,,126656000000,37996800000,2020-04-30 15:30:51.000,"0"
{A47D4BD5-B0CF-6AFB-E053-1001C80AF09B},"000300.SH","600998.SH","20200430",0.0764,563299247,1877664155,,1,17.93,,33666518299.15,10099955498.71,2020-04-30 15:30:51.000,"0"
{A47D4BD5-B0D0-6AFB-E053-1001C80AF09B},"000300.SH","002493.SZ","20200430",0.1704,1887332325,6291107750,,1,11.93,,75052915457.5,22515874637.25,2020-04-30 15:30:51.000,"0"
{A47D4BD5-B0D1-6AFB-E053-1001C80AF09B},"000300.SH","600958.SH","20200430",0.2547,3579945482,5966575803,,1,9.4,,56085812548.2,33651487530.8,2020-04-30 15:30:51.000,"0"
{A47D4BD5-B0D2-6AFB-E053-1001C80AF09B},"000300.SH","300136.SZ","20200430",0.2422,774911973,968639966,,1,41.3,,40004830595.8,32003864484.9,2020-04-30 15:30:51.000,"0"
{A47D4BD5-B0D3-6AFB-E053-1001C80AF09B},"000300.SH","300142.SZ","20200430",0.3767,1229949587,1537436984,,1,40.47,,62220074742.48,49776059785.89,2020-04-30 15:30:51.000,"0"
{A47D4BD5-B0D4-6AFB-E053-1001C80AF09B},"000300.SH","002508.SZ","20200430",0.1145,474512025,949024050,,1,31.88,,30254886714,15127443357,2020-04-30 15:30:51.000,"0"
{A47D4BD5-B0D5-6AFB-E053-1001C80AF09B},"000300.SH","600926.SH","20200430",0.1486,2372080173,5930200432,,1,8.28,,49102059576.96,19640823832.44,2020-04-30 15:30:51.000,"0"
{A47D4BD5-B0D6-6AFB-E053-1001C80AF09B},"000300.SH","600919.SH","20200430",0.4222,9235584118,11544480147,,1,6.04,,69728660087.88,55782928072.72,2020-04-30 15:30:51.000,"0"
{A47D4BD5-B0D7-6AFB-E053-1001C80AF09B},"000300.SH","300144.SZ","20200430",0.1968,871564680,1452607800,,1,29.83,,43331290674,25998774404.4,2020-04-30 15:30:51.000,"0"
{A47D4BD5-B0D8-6AFB-E053-1001C80AF09B},"000300.SH","000166.SZ","20200430",0.2981,9014377824,22535944560,,1,4.37,,98482077727.2,39392831090.88,2020-04-30 15:30:51.000,"0"
{A47D4BD5-B0D9-6AFB-E053-1001C80AF09B},"000300.SH","002736.SZ","20200430",0.199,2460000000,8200000000,,1,10.69,,87658000000,26297400000,2020-04-30 15:30:51.000,"0"
{A47D4BD5-B0DA-6AFB-E053-1001C80AF09B},"000300.SH","601211.SH","20200430",0.5775,4509672526,7516120876,,1,16.92,,127172765221.92,76303659139.92,2020-04-30 15:30:51.000,"0"
{A47D4BD5-B0DB-6AFB-E053-1001C80AF09B},"000300.SH","601933.SH","20200430",0.2944,3828184843,9570462108,,1,10.16,,97235895017.28,38894358004.88,2020-04-30 15:30:51.000,"0"
{A47D4BD5-B0DC-6AFB-E053-1001C80AF09B},"000300.SH","002555.SZ","20200430",0.289,1056125849,2112251697,,1,36.16,,76379021363.52,38189510699.84,2020-04-30 15:30:51.000,"0"
{A47D4BD5-B0DD-6AFB-E053-1001C80AF09B},"000300.SH","002558.SZ","20200430",0.0785,607313980,2024379932,,1,17.07,,34556165439.24,10366849638.6,2020-04-30 15:30:51.000,"0"
{A47D4BD5-B0DE-6AFB-E053-1001C80AF09B},"000300.SH","601216.SH","20200430",0.0733,3375206956,8438017390,,1,2.87,,24217109909.3,9686843963.72,2020-04-30 15:30:51.000,"0"
{A47D4BD5-B0DF-6AFB-E053-1001C80AF09B},"000300.SH","601992.SH","20200430",0.0815,3335602506,8339006264,,1,3.23,,26934990232.72,10773996094.38,2020-04-30 15:30:51.000,"0"
{A47D4BD5-B0E0-6AFB-E053-1001C80AF09B},"000300.SH","603156.SH","20200430",0.0848,421831200,1054578000,,1,26.55,,27999045900,11199618360,2020-04-30 15:30:51.000,"0"
{A47D4BD5-B0E1-6AFB-E053-1001C80AF09B},"000300.SH","002594.SZ","20200430",0.4114,906571428,1813142855,,1,59.96,,108716045585.8,54358022822.88,2020-04-30 15:30:51.000,"0"
{A47D4BD5-B0E2-6AFB-E053-1001C80AF09B},"000300.SH","002601.SZ","20200430",0.1281,1016010445,2032020889,,1,16.66,,33853468010.74,16926734013.7,2020-04-30 15:30:51.000,"0"
{A47D4BD5-B0E3-6AFB-E053-1001C80AF09B},"000300.SH","002607.SZ","20200430",0.1324,678413933,6167399389,,1,25.79,,159057230242.31,17496295332.07,2020-04-30 15:30:51.000,"0"
{A47D4BD5-B0E4-6AFB-E053-1001C80AF09B},"000300.SH","002602.SZ","20200430",0.2506,2382573156,5956432890,,1,13.9,,82794417171,33117766868.4,2020-04-30 15:30:51.000,"0"
{A47D4BD5-B0E5-6AFB-E053-1001C80AF09B},"000300.SH","002624.SZ","20200430",0.1851,517079153,1292697883,,1,47.29,,61131682887.07,24452673145.37,2020-04-30 15:30:51.000,"0"
{A47D4BD5-B0E6-6AFB-E053-1001C80AF09B},"000300.SH","601669.SH","20200430",0.2067,7649517512,15299035024,,1,3.57,,54617555035.68,27308777517.84,2020-04-30 15:30:51.000,"0"
{A47D4BD5-B0E7-6AFB-E053-1001C80AF09B},"000300.SH","601225.SH","20200430",0.2283,4000000000,10000000000,,1,7.54,,75400000000,30160000000,2020-04-30 15:30:51.000,"0"
{A47D4BD5-B0E8-6AFB-E053-1001C80AF09B},"000300.SH","601555.SH","20200430",0.1825,3120000000,3900000000,,1,7.73,,30147000000,24117600000,2020-04-30 15:30:51.000,"0"
{A47D4BD5-B0E9-6AFB-E053-1001C80AF09B},"000300.SH","601800.SH","20200430",0.1433,2349447085,11747235425,,1,8.06,,94682717525.5,18936543505.1,2020-04-30 15:30:51.000,"0"
{A47D4BD5-B0EA-6AFB-E053-1001C80AF09B},"000300.SH","601360.SH","20200430",0.0573,405843310,6764055167,,1,18.66,,126217269416.22,7573036164.6,2020-04-30 15:30:51.000,"0"
{A47D4BD5-B0EB-6AFB-E053-1001C80AF09B},"000300.SH","300347.SZ","20200430",0.3058,524689988,749557126,,1,77,,57715898702,40401129076,2020-04-30 15:30:51.000,"0"
{A47D4BD5-B0EC-6AFB-E053-1001C80AF09B},"000300.SH","603993.SH","20200430",0.1861,7066309033,17665772583,,1,3.48,,61476888588.84,24590755434.84,2020-04-30 15:30:51.000,"0"
{A47D4BD5-B0ED-6AFB-E053-1001C80AF09B},"000300.SH","603288.SH","20200430",0.7537,810110802,2700369340,,1,122.93,,331956402966.2,99586920889.86,2020-04-30 15:30:51.000,"0"
{A47D4BD5-B0EE-6AFB-E053-1001C80AF09B},"000300.SH","601238.SH","20200430",0.0688,928081341,7139087236,,1,9.8,,69963054912.8,9095197141.8,2020-04-30 15:30:51.000,"0"
{A47D4BD5-B0EF-6AFB-E053-1001C80AF09B},"000300.SH","002714.SZ","20200430",0.8338,864759129,2161897822,,1,127.4,,275425782522.8,110170313034.6,2020-04-30 15:30:51.000,"0"
{A47D4BD5-B0F0-6AFB-E053-1001C80AF09B},"000300.SH","002773.SZ","20200430",0.0763,262679305,875597684,,1,38.38,,33605439111.92,10081631725.9,2020-04-30 15:30:51.000,"0"
{A47D4BD5-B0F1-6AFB-E053-1001C80AF09B},"000300.SH","601169.SH","20200430",0.5578,14800088990,21142984272,,1,4.98,,105292061674.56,73704443170.2,2020-04-30 15:30:51.000,"0"
{A47D4BD5-B0F2-6AFB-E053-1001C80AF09B},"000300.SH","002179.SZ","20200430",0.1451,535081163,1070162326,,1,35.83,,38343916140.58,19171958070.29,2020-04-30 15:30:51.000,"0"
{A47D4BD5-B0F3-6AFB-E053-1001C80AF09B},"000300.SH","601939.SH","20200430",0.3268,6715560324,9593657606,,1,6.43,,61687218406.58,43181052883.32,2020-04-30 15:30:51.000,"0"
{A47D4BD5-B0F4-6AFB-E053-1001C80AF09B},"000300.SH","601808.SH","20200430",0.0556,592093600,2960468000,,1,12.4,,36709803200,7341960640,2020-04-30 15:30:51.000,"0"
{A47D4BD5-B0F5-6AFB-E053-1001C80AF09B},"000300.SH","000333.SZ","20200430",1.9759,4857232125,6938903035,,1,53.75,,372966038131.25,261076226718.75,2020-04-30 15:30:51.000,"0"
{A47D4BD5-B0F6-6AFB-E053-1001C80AF09B},"000300.SH","600023.SH","20200430",0.1078,4080206996,13600689988,,1,3.49,,47466408058.12,14239922416.04,2020-04-30 15:30:51.000,"0"
{A47D4BD5-B0F7-6AFB-E053-1001C80AF09B},"000300.SH","002739.SZ","20200430",0.1051,831371315,2078428288,,1,16.7,,34709752409.6,13883900960.5,2020-04-30 15:30:51.000,"0"
{A47D4BD5-B0F8-6AFB-E053-1001C80AF09B},"000300.SH","603899.SH","20200430",0.1432,368000000,920000000,,1,51.41,,47297200000,18918880000,2020-04-30 15:30:51.000,"0"
{A47D4BD5-B0F9-6AFB-E053-1001C80AF09B},"000300.SH","601021.SH","20200430",0.1031,366697085,916742713,,1,37.15,,34056991787.95,13622796707.75,2020-04-30 15:30:51.000,"0"
{A47D4BD5-B0FA-6AFB-E053-1001C80AF09B},"000300.SH","601828.SH","20200430",0.029,402654556,2876103969,,1,9.52,,27380509784.88,3833271373.12,2020-04-30 15:30:51.000,"0"
{A47D4BD5-B0FB-6AFB-E053-1001C80AF09B},"000300.SH","601985.SH","20200430",0.204,6226172000,15565430000,,1,4.33,,67398311900,26959324760,2020-04-30 15:30:51.000,"0"
{A47D4BD5-B0FC-6AFB-E053-1001C80AF09B},"000300.SH","603986.SH","20200430",0.4051,192645496,321075826,,1,277.82,,89201285979.32,53520771698.72,2020-04-30 15:30:51.000,"0"
{A47D4BD5-B0FD-6AFB-E053-1001C80AF09B},"000300.SH","603160.SH","20200430",0.2445,136719689,455732298,,1,236.25,,107666755402.5,32300026526.25,2020-04-30 15:30:51.000,"0"
{A47D4BD5-B0FE-6AFB-E053-1001C80AF09B},"000300.SH","300433.SZ","20200430",0.1763,1275304996,4251016654,,1,18.27,,77666074268.58,23299822276.92,2020-04-30 15:30:51.000,"0"
{A47D4BD5-B0FF-6AFB-E053-1001C80AF09B},"000300.SH","603799.SH","20200430",0.1785,684756916,1141261526,,1,34.44,,39305046955.44,23583028187.04,2020-04-30 15:30:51.000,"0"
{A47D4BD5-B100-6AFB-E053-1001C80AF09B},"000300.SH","601212.SH","20200430",0.0294,1480954902,7404774511,,1,2.62,,19400509218.82,3880101843.24,2020-04-30 15:30:51.000,"0"
{A47D4BD5-B101-6AFB-E053-1001C80AF09B},"000300.SH","600977.SH","20200430",0.0749,746800000,1867000000,,1,13.26,,24756420000,9902568000,2020-04-30 15:30:51.000,"0"
{A47D4BD5-B102-6AFB-E053-1001C80AF09B},"000300.SH","603019.SH","20200430",0.2305,630216223,900308890,,1,48.32,,43502925564.8,30452047895.36,2020-04-30 15:30:51.000,"0"
{A47D4BD5-B103-6AFB-E053-1001C80AF09B},"000300.SH","300413.SZ","20200430",0.1878,534113253,1780377511,,1,46.46,,82716339161.06,24814901734.38,2020-04-30 15:30:51.000,"0"
{A47D4BD5-B104-6AFB-E053-1001C80AF09B},"000300.SH","300408.SZ","20200430",0.1648,1045897813,1743163022,,1,20.82,,36292654118.04,21775592466.66,2020-04-30 15:30:51.000,"0"
{A47D4BD5-B105-6AFB-E053-1001C80AF09B},"000300.SH","601881.SH","20200430",0.0969,1289254825,6446274124,,1,9.93,,64011502051.32,12802300412.25,2020-04-30 15:30:51.000,"0"
{A47D4BD5-B106-6AFB-E053-1001C80AF09B},"000300.SH","603833.SH","20200430",0.1015,126051050,420170165,,1,106.37,,44693500451.05,13408050188.5,2020-04-30 15:30:51.000,"0"
{A47D4BD5-B107-6AFB-E053-1001C80AF09B},"000300.SH","002841.SZ","20200430",0.0415,72122654,655660492,,1,76.04,,49856423811.68,5484206610.16,2020-04-30 15:30:51.000,"0"
{A47D4BD5-B108-6AFB-E053-1001C80AF09B},"000300.SH","603501.SH","20200430",0.2542,172732420,863662098,,1,194.48,,167965004819.04,33593001041.6,2020-04-30 15:30:51.000,"0"
{A47D4BD5-B109-6AFB-E053-1001C80AF09B},"000300.SH","300498.SZ","20200430",0.8507,3718487379,5312124827,,1,30.23,,160585533520.21,112409873467.17,2020-04-30 15:30:51.000,"0"
{A47D4BD5-B10A-6AFB-E053-1001C80AF09B},"000300.SH","601108.SH","20200430",0.1816,2512300000,3589000000,,1,9.55,,34274950000,23992465000,2020-04-30 15:30:51.000,"0"
{A47D4BD5-B10B-6AFB-E053-1001C80AF09B},"000300.SH","601155.SH","20200430",0.217,902689674,2256724186,,1,31.76,,71673560147.36,28669424046.24,2020-04-30 15:30:51.000,"0"
{A47D4BD5-B10C-6AFB-E053-1001C80AF09B},"000300.SH","001979.SZ","20200430",0.4102,3165631508,7914078769,,1,17.12,,135489028525.28,54195611416.96,2020-04-30 15:30:51.000,"0"
{A47D4BD5-B10D-6AFB-E053-1001C80AF09B},"000300.SH","603260.SH","20200430",0.0248,140700000,938000000,,1,23.29,,21846020000,3276903000,2020-04-30 15:30:51.000,"0"
{A47D4BD5-B10E-6AFB-E053-1001C80AF09B},"000300.SH","600025.SH","20200430",0.0484,1800000000,18000000000,,1,3.55,,63900000000,6390000000,2020-04-30 15:30:51.000,"0"
{A47D4BD5-B10F-6AFB-E053-1001C80AF09B},"000300.SH","600968.SH","20200430",0.0357,2033020840,10165104199,,1,2.32,,23583041741.68,4716608348.8,2020-04-30 15:30:51.000,"0"
{A47D4BD5-B110-6AFB-E053-1001C80AF09B},"000300.SH","002939.SZ","20200430",0.0308,341374589,3103405351,,1,11.92,,36992591783.92,4069185100.88,2020-04-30 15:30:51.000,"0"
{A47D4BD5-B111-6AFB-E053-1001C80AF09B},"000300.SH","002945.SZ","20200430",0.0288,270000000,2700000000,,1,14.09,,38043000000,3804300000,2020-04-30 15:30:51.000,"0"
{A47D4BD5-B112-6AFB-E053-1001C80AF09B},"000300.SH","002958.SZ","20200430",0.0206,611111111,5555555556,,1,4.45,,24722222224.2,2719444443.95,2020-04-30 15:30:51.000,"0"
{A47D4BD5-B113-6AFB-E053-1001C80AF09B},"000300.SH","601577.SH","20200430",0.061,1026466126,3421553754,,1,7.85,,26859196968.9,8057759089.1,2020-04-30 15:30:51.000,"0"
{A47D4BD5-B114-6AFB-E053-1001C80AF09B},"000300.SH","600928.SH","20200430",0.0201,488888889,4444444445,,1,5.43,,24133333336.35,2654666667.27,2020-04-30 15:30:51.000,"0"
{A47D4BD5-B115-6AFB-E053-1001C80AF09B},"000300.SH","002916.SZ","20200430",0.1798,101808000,339360000,,1,233.4,,79206624000,23761987200,2020-04-30 15:30:51.000,"0"
{A47D4BD5-B116-6AFB-E053-1001C80AF09B},"000300.SH","601066.SH","20200430",0.1184,446975303,6385361476,,1,34.99,,223423798045.24,15639665851.97,2020-04-30 15:30:51.000,"0"
{A47D4BD5-B117-6AFB-E053-1001C80AF09B},"000300.SH","601236.SH","20200430",0.0588,399674594,3633405396,,1,19.44,,70633400898.24,7769674107.36,2020-04-30 15:30:51.000,"0"
{A47D4BD5-B118-6AFB-E053-1001C80AF09B},"000300.SH","603259.SH","20200430",0.5652,733835114,1467670227,,1,101.77,,149364799001.79,74682399551.78,2020-04-30 15:30:51.000,"0"
{A47D4BD5-B119-6AFB-E053-1001C80AF09B},"000300.SH","601319.SH","20200430",0.0512,1064932697,35497756583,,1,6.35,,225410754302.05,6762322625.95,2020-04-30 15:30:51.000,"0"
{A47D4BD5-B11A-6AFB-E053-1001C80AF09B},"000300.SH","601298.SH","20200430",0.0206,485286750,5392075000,,1,5.61,,30249540750,2722458667.5,2020-04-30 15:30:51.000,"0"
{A47D4BD5-B11B-6AFB-E053-1001C80AF09B},"000300.SH","002938.SZ","20200430",0.0804,254257390,2311430816,,1,41.79,,96594693800.64,10625416328.1,2020-04-30 15:30:51.000,"0"
{A47D4BD5-B11C-6AFB-E053-1001C80AF09B},"000300.SH","601698.SH","20200430",0.0515,400000000,4000000000,,1,17.02,,68080000000,6808000000,2020-04-30 15:30:51.000,"0"
{A47D4BD5-B11D-6AFB-E053-1001C80AF09B},"000300.SH","600989.SH","20200430",0.0515,806669600,7333360000,,1,8.44,,61893558400,6808291424,2020-04-30 15:30:51.000,"0"
{A47D4BD5-B11E-6AFB-E053-1001C80AF09B},"000300.SH","601138.SH","20200430",0.1987,1786934871,19854831899,,1,14.69,,291667480596.31,26250073254.99,2020-04-30 15:30:51.000,"0"
{A47D4BD5-AFF3-6AFB-E053-1001C80AF09B},"000300.SH","000001.SZ","20200430",1.0229,9702959099,19405918198,,1,13.93,,270324440498.14,135162220249.07,2020-04-30 15:30:51.000,"0"
{A47D4BD5-AFF4-6AFB-E053-1001C80AF09B},"000300.SH","000002.SZ","20200430",1.1834,5834517920,9724196533,,1,26.8,,260608467084.4,156365080256,2020-04-30 15:30:51.000,"0"
{A47D4BD5-AFF5-6AFB-E053-1001C80AF09B},"000300.SH","000063.SZ","20200430",0.719,2312175876,3853626460,,1,41.09,,158345511241.4,95007306744.84,2020-04-30 15:30:51.000,"0"
{A47D4BD5-AFF6-6AFB-E053-1001C80AF09B},"000300.SH","000069.SZ","20200430",0.2024,4102040708,8204081415,,1,6.52,,53490610825.8,26745305416.16,2020-04-30 15:30:51.000,"0"
{A47D4BD5-AFF7-6AFB-E053-1001C80AF09B},"000300.SH","000157.SZ","20200430",0.2511,5184263635,6480329544,,1,6.4,,41474109081.6,33179287264,2020-04-30 15:30:51.000,"0"
{A47D4BD5-AFF8-6AFB-E053-1001C80AF09B},"000300.SH","000413.SZ","20200430",0.0922,4384200094,5480250117,,1,2.78,,15235095325.26,12188076261.32,2020-04-30 15:30:51.000,"0"
{A47D4BD5-AFF9-6AFB-E053-1001C80AF09B},"000300.SH","000415.SZ","20200430",0.0385,1855356385,6184521282,,1,2.74,,16945588312.68,5083676494.9,2020-04-30 15:30:51.000,"0"
{A47D4BD5-AFFA-6AFB-E053-1001C80AF09B},"000300.SH","000423.SZ","20200430",0.1074,457815076,654021537,,1,31,,20274667647,14192267356,2020-04-30 15:30:51.000,"0"
{A47D4BD5-AFFB-6AFB-E053-1001C80AF09B},"000300.SH","000425.SZ","20200430",0.1974,4700201058,7833668430,,1,5.55,,43476859786.5,26086115871.9,2020-04-30 15:30:51.000,"0"
{A47D4BD5-AFFC-6AFB-E053-1001C80AF09B},"000300.SH","000538.SZ","20200430",0.3493,510961327,1277403317,,1,90.32,,115375067591.44,46150027054.64,2020-04-30 15:30:51.000,"0"
{A47D4BD5-AFFD-6AFB-E053-1001C80AF09B},"000300.SH","000568.SZ","20200430",0.4388,732376238,1464752476,,1,79.17,,115964453524.92,57982226762.46,2020-04-30 15:30:51.000,"0"
{A47D4BD5-AFFE-6AFB-E053-1001C80AF09B},"000300.SH","000596.SZ","20200430",0.1175,115080000,383600000,,1,134.89,,51743804000,15523141200,2020-04-30 15:30:51.000,"0"
{A47D4BD5-AFFF-6AFB-E053-1001C80AF09B},"000300.SH","000625.SZ","20200430",0.1432,1950331185,3900662369,,1,9.7,,37836424979.3,18918212494.5,2020-04-30 15:30:51.000,"0"
{A47D4BD5-B000-6AFB-E053-1001C80AF09B},"000300.SH","000627.SZ","20200430",0.0824,1976251666,4940629165,,1,5.51,,27222866699.15,10889146679.66,2020-04-30 15:30:51.000,"0"
{A47D4BD5-B001-6AFB-E053-1001C80AF09B},"000300.SH","000629.SZ","20200430",0.065,4294873101,8589746202,,1,2,,17179492404,8589746202,2020-04-30 15:30:51.000,"0"
{A47D4BD5-B002-6AFB-E053-1001C80AF09B},"000300.SH","000630.SZ","20200430",0.0927,6315919985,10526533308,,1,1.94,,20421474617.52,12252884770.9,2020-04-30 15:30:51.000,"0"
{A47D4BD5-B003-6AFB-E053-1001C80AF09B},"000300.SH","000651.SZ","20200430",1.9949,4812584702,6015730878,,1,54.77,,329481580188.06,263585264128.54,2020-04-30 15:30:51.000,"0"
{A47D4BD5-B004-6AFB-E053-1001C80AF09B},"000300.SH","000656.SZ","20200430",0.1287,2135886326,5339715816,,1,7.96,,42504137895.36,17001655154.96,2020-04-30 15:30:51.000,"0"
{A47D4BD5-B005-6AFB-E053-1001C80AF09B},"000300.SH","000661.SZ","20200430",0.6313,139982216,199974594,,1,595.88,,119160861072.72,83412602870.08,2020-04-30 15:30:51.000,"0"
{A47D4BD5-B006-6AFB-E053-1001C80AF09B},"000300.SH","000671.SZ","20200430",0.0857,1620029326,4050073315,,1,6.99,,28310012471.85,11324004988.74,2020-04-30 15:30:51.000,"0"
{A47D4BD5-B007-6AFB-E053-1001C80AF09B},"000300.SH","000703.SZ","20200430",0.1057,1136690190,2841725474,,1,12.29,,34924806075.46,13969922435.1,2020-04-30 15:30:51.000,"0"
{A47D4BD5-B008-6AFB-E053-1001C80AF09B},"000300.SH","000709.SZ","20200430",0.0659,4247443141,10618607852,,1,2.05,,21768146096.6,8707258439.05,2020-04-30 15:30:51.000,"0"
{A47D4BD5-B009-6AFB-E053-1001C80AF09B},"000300.SH","000723.SZ","20200430",0.0618,1229778916,4099263052,,1,6.64,,27219106665.28,8165732002.24,2020-04-30 15:30:51.000,"0"
{A47D4BD5-B00A-6AFB-E053-1001C80AF09B},"000300.SH","000725.SZ","20200430",0.6745,23703599693,33862285275,,1,3.76,,127322192634,89125534845.68,2020-04-30 15:30:51.000,"0"
{A47D4BD5-B00B-6AFB-E053-1001C80AF09B},"000300.SH","000728.SZ","20200430",0.1249,2019268228,3365447047,,1,8.17,,27495702373.99,16497421422.76,2020-04-30 15:30:51.000,"0"
{A47D4BD5-B00C-6AFB-E053-1001C80AF09B},"000300.SH","000768.SZ","20200430",0.1846,1384322536,2768645071,,1,17.62,,48783526151.02,24391763084.32,2020-04-30 15:30:51.000,"0"
{A47D4BD5-B00D-6AFB-E053-1001C80AF09B},"000300.SH","000776.SZ","20200430",0.3071,2959645732,5919291464,,1,13.71,,81153485971.44,40576742985.72,2020-04-30 15:30:51.000,"0"
{A47D4BD5-B00E-6AFB-E053-1001C80AF09B},"000300.SH","000783.SZ","20200430",0.1866,3870694100,5529563000,,1,6.37,,35223316310,24656321417,2020-04-30 15:30:51.000,"0"
{A47D4BD5-B00F-6AFB-E053-1001C80AF09B},"000300.SH","000786.SZ","20200430",0.1632,844753921,1689507842,,1,25.53,,43133135206.26,21566567603.13,2020-04-30 15:30:51.000,"0"
{A47D4BD5-B010-6AFB-E053-1001C80AF09B},"000300.SH","000858.SZ","20200430",1.9942,1940804003,3881608005,,1,135.77,,527005918838.85,263502959487.31,2020-04-30 15:30:51.000,"0"
{A47D4BD5-B011-6AFB-E053-1001C80AF09B},"000300.SH","000876.SZ","20200430",0.5249,2108007505,4216015009,,1,32.9,,138706893796.1,69353446914.5,2020-04-30 15:30:51.000,"0"
{A47D4BD5-B012-6AFB-E053-1001C80AF09B},"000300.SH","000895.SZ","20200430",0.3045,995784657,3319282190,,1,40.41,,134132193297.9,40239657989.37,2020-04-30 15:30:51.000,"0"
{A47D4BD5-B013-6AFB-E053-1001C80AF09B},"000300.SH","000898.SZ","20200430",0.0477,2398113060,7993710201,,1,2.63,,21023457828.63,6307037347.8,2020-04-30 15:30:51.000,"0"
{A47D4BD5-B014-6AFB-E053-1001C80AF09B},"000300.SH","000938.SZ","20200430",0.2576,817165678,2042914196,,1,41.66,,85107805405.36,34043122145.48,2020-04-30 15:30:51.000,"0"
{A47D4BD5-B015-6AFB-E053-1001C80AF09B},"000300.SH","000961.SZ","20200430",0.1136,1854894399,3709788797,,1,8.09,,30012191367.73,15006095687.91,2020-04-30 15:30:51.000,"0"
{A47D4BD5-B016-6AFB-E053-1001C80AF09B},"000300.SH","000963.SZ","20200430",0.1321,874904774,1749809548,,1,19.95,,34908700482.6,17454350241.3,2020-04-30 15:30:51.000,"0"
{A47D4BD5-B017-6AFB-E053-1001C80AF09B},"000300.SH","600000.SH","20200430",0.9445,11740832159,29352080397,,1,10.63,,312012614620.11,124805045850.17,2020-04-30 15:30:51.000,"0"
{A47D4BD5-B018-6AFB-E053-1001C80AF09B},"000300.SH","600009.SH","20200430",0.5155,963479224,1926958448,,1,70.7,,136235962273.6,68117981136.8,2020-04-30 15:30:51.000,"0"
{A47D4BD5-B019-6AFB-E053-1001C80AF09B},"000300.SH","600010.SH","20200430",0.1863,22792516324,45585032648,,1,1.08,,49231835259.84,24615917629.92,2020-04-30 15:30:51.000,"0"
{A47D4BD5-B01A-6AFB-E053-1001C80AF09B},"000300.SH","600011.SH","20200430",0.1405,4399083968,10997709919,,1,4.22,,46410335858.18,18564134344.96,2020-04-30 15:30:51.000,"0"
{A47D4BD5-B01B-6AFB-E053-1001C80AF09B},"000300.SH","600016.SH","20200430",1.1065,24823486249,35462123213,,1,5.89,,208871905724.57,146210334006.61,2020-04-30 15:30:51.000,"0"
{A47D4BD5-B01C-6AFB-E053-1001C80AF09B},"000300.SH","600019.SH","20200430",0.3284,8909784150,22274460375,,1,4.87,,108476622026.25,43390648810.5,2020-04-30 15:30:51.000,"0"
{A47D4BD5-B01D-6AFB-E053-1001C80AF09B},"000300.SH","600028.SH","20200430",0.4516,13378087946,95557771046,,1,4.46,,426187658865.16,59666272239.16,2020-04-30 15:30:51.000,"0"
{A47D4BD5-B01E-6AFB-E053-1001C80AF09B},"000300.SH","600036.SH","20200430",2.7392,10314472215,20628944429,,1,35.09,,723869660013.61,361934830024.35,2020-04-30 15:30:51.000,"0"
{A47D4BD5-B01F-6AFB-E053-1001C80AF09B},"000300.SH","600038.SH","20200430",0.0986,294738358,589476716,,1,44.21,,26060765614.36,13030382807.18,2020-04-30 15:30:51.000,"0"
{A47D4BD5-B020-6AFB-E053-1001C80AF09B},"000300.SH","600061.SH","20200430",0.1528,1690851891,4227129727,,1,11.94,,50471928940.38,20188771578.54,2020-04-30 15:30:51.000,"0"
{A47D4BD5-B021-6AFB-E053-1001C80AF09B},"000300.SH","600066.SH","20200430",0.1311,1328363534,2213939223,,1,13.04,,28869767467.92,17321860483.36,2020-04-30 15:30:51.000,"0"
{A47D4BD5-B022-6AFB-E053-1001C80AF09B},"000300.SH","600068.SH","20200430",0.1365,2762866447,4604777412,,1,6.53,,30069196500.36,18041517898.91,2020-04-30 15:30:51.000,"0"
{A47D4BD5-B023-6AFB-E053-1001C80AF09B},"000300.SH","600085.SH","20200430",0.1066,548588105,1371470262,,1,25.68,,35219356328.16,14087742536.4,2020-04-30 15:30:51.000,"0"
{A47D4BD5-B024-6AFB-E053-1001C80AF09B},"000300.SH","600089.SH","20200430",0.2117,3714312789,3714312789,,1,7.53,,27968775301.17,27968775301.17,2020-04-30 15:30:51.000,"0"
{A47D4BD5-B025-6AFB-E053-1001C80AF09B},"000300.SH","600100.SH","20200430",0.1308,2371119161,2963898951,,1,7.29,,21606823352.79,17285458683.69,2020-04-30 15:30:51.000,"0"
{A47D4BD5-B026-6AFB-E053-1001C80AF09B},"000300.SH","600104.SH","20200430",0.5014,3505038410,11683461365,,1,18.9,,220817419798.5,66245225949,2020-04-30 15:30:51.000,"0"
{A47D4BD5-B027-6AFB-E053-1001C80AF09B},"000300.SH","600109.SH","20200430",0.1778,2419487448,3024359310,,1,9.71,,29366528900.1,23493223120.08,2020-04-30 15:30:51.000,"0"
{A47D4BD5-B028-6AFB-E053-1001C80AF09B},"000300.SH","600111.SH","20200430",0.149,2179839600,3633066000,,1,9.03,,32806585980,19683951588,2020-04-30 15:30:51.000,"0"
{A47D4BD5-B029-6AFB-E053-1001C80AF09B},"000300.SH","600115.SH","20200430",0.1485,4481092570,11202731426,,1,4.38,,49067963645.88,19627185456.6,2020-04-30 15:30:51.000,"0"
{A47D4BD5-B02A-6AFB-E053-1001C80AF09B},"000300.SH","600118.SH","20200430",0.1471,591244568,1182489135,,1,32.88,,38880242758.8,19440121395.84,2020-04-30 15:30:51.000,"0"
{A47D4BD5-B02B-6AFB-E053-1001C80AF09B},"000300.SH","600153.SH","20200430",0.0898,1417600265,2835200530,,1,8.37,,23730628436.1,11865314218.05,2020-04-30 15:30:51.000,"0"
{A47D4BD5-B02C-6AFB-E053-1001C80AF09B},"000300.SH","600170.SH","20200430",0.1109,4452198864,8904397728,,1,3.29,,29295468525.12,14647734262.56,2020-04-30 15:30:51.000,"0"
{A47D4BD5-B02D-6AFB-E053-1001C80AF09B},"000300.SH","600176.SH","20200430",0.14,2101384109,3502306849,,1,8.8,,30820300271.2,18492180159.2,2020-04-30 15:30:51.000,"0"
{A47D4BD5-B02E-6AFB-E053-1001C80AF09B},"000300.SH","600177.SH","20200430",0.1745,3509818406,5014026294,,1,6.57,,32942152751.58,23059506927.42,2020-04-30 15:30:51.000,"0"
{A47D4BD5-B02F-6AFB-E053-1001C80AF09B},"000300.SH","600183.SH","20200430",0.2796,1138095670,2276191340,,1,32.46,,73885170896.4,36942585448.2,2020-04-30 15:30:51.000,"0"
{A47D4BD5-B030-6AFB-E053-1001C80AF09B},"000300.SH","600188.SH","20200430",0.0557,888000000,2960000000,,1,8.29,,24538400000,7361520000,2020-04-30 15:30:51.000,"0"
{A47D4BD5-B031-6AFB-E053-1001C80AF09B},"000300.SH","600196.SH","20200430",0.2559,1005479023,2010958045,,1,33.63,,67628519053.35,33814259543.49,2020-04-30 15:30:51.000,"0"
{A47D4BD5-B032-6AFB-E053-1001C80AF09B},"000300.SH","600208.SH","20200430",0.1022,4299671768,8599343536,,1,3.14,,27001938703.04,13500969351.52,2020-04-30 15:30:51.000,"0"
{A47D4BD5-B033-6AFB-E053-1001C80AF09B},"000300.SH","600219.SH","20200430",0.1134,7170288912,11950481520,,1,2.09,,24976506376.8,14985903826.08,2020-04-30 15:30:51.000,"0"
{A47D4BD5-B034-6AFB-E053-1001C80AF09B},"000300.SH","600221.SH","20200430",0.1271,11505671750,16436673928,,1,1.46,,23997543934.88,16798280755,2020-04-30 15:30:51.000,"0"
{A47D4BD5-B035-6AFB-E053-1001C80AF09B},"000300.SH","600233.SH","20200430",0.091,949336976,3164456588,,1,12.66,,40062020404.08,12018606116.16,2020-04-30 15:30:51.000,"0"
{A47D4BD5-B036-6AFB-E053-1001C80AF09B},"000300.SH","600276.SH","20200430",2.1791,3095969938,4422814197,,1,93,,411321720321,287925204234,2020-04-30 15:30:51.000,"0"
{A47D4BD5-B037-6AFB-E053-1001C80AF09B},"000300.SH","600297.SH","20200430",0.0852,3263991740,8159979350,,1,3.45,,28151928757.5,11260771503,2020-04-30 15:30:51.000,"0"
{A47D4BD5-B038-6AFB-E053-1001C80AF09B},"000300.SH","600299.SH","20200430",0.0267,295009140,2681901273,,1,11.95,,32048720212.35,3525359223,2020-04-30 15:30:51.000,"0"
{A47D4BD5-B039-6AFB-E053-1001C80AF09B},"000300.SH","600309.SH","20200430",0.5346,1569873313,3139746626,,1,45,,141288598170,70644299085,2020-04-30 15:30:51.000,"0"
{A47D4BD5-B03A-6AFB-E053-1001C80AF09B},"000300.SH","600332.SH","20200430",0.1315,562356380,1405890949,,1,30.9,,43442030324.1,17376812142,2020-04-30 15:30:51.000,"0"
{A47D4BD5-B03B-6AFB-E053-1001C80AF09B},"000300.SH","600346.SH","20200430",0.2258,2111729936,7039099786,,1,14.13,,99462479976.18,29838743995.68,2020-04-30 15:30:51.000,"0"
{A47D4BD5-B03C-6AFB-E053-1001C80AF09B},"000300.SH","600362.SH","20200430",0.1005,1037623703,2075247405,,1,12.8,,26563166784,13281583398.4,2020-04-30 15:30:51.000,"0"
{A47D4BD5-B03D-6AFB-E053-1001C80AF09B},"000300.SH","600369.SH","20200430",0.0966,2822554562,5645109124,,1,4.52,,25515893240.48,12757946620.24,2020-04-30 15:30:51.000,"0"
{A47D4BD5-B03E-6AFB-E053-1001C80AF09B},"000300.SH","600372.SH","20200430",0.0553,527856512,1759521708,,1,13.85,,24369375655.8,7310812691.2,2020-04-30 15:30:51.000,"0"
{A47D4BD5-B03F-6AFB-E053-1001C80AF09B},"000300.SH","600383.SH","20200430",0.2294,2257291786,4514583572,,1,13.43,,60630857371.96,30315428685.98,2020-04-30 15:30:51.000,"0"
{A47D4BD5-B040-6AFB-E053-1001C80AF09B},"000300.SH","600390.SH","20200430",0.0273,494787200,4498065459,,1,7.28,,32745916541.52,3602050816,2020-04-30 15:30:51.000,"0"
{A47D4BD5-B041-6AFB-E053-1001C80AF09B},"000300.SH","600398.SH","20200430",0.0642,1326003221,4420010735,,1,6.4,,28288068704,8486420614.4,2020-04-30 15:30:51.000,"0"
{A47D4BD5-B042-6AFB-E053-1001C80AF09B},"000300.SH","600498.SH","20200430",0.1691,702590780,1170984634,,1,31.8,,37237311361.2,22342386804,2020-04-30 15:30:51.000,"0"
{A47D4BD5-B043-6AFB-E053-1001C80AF09B},"000300.SH","600519.SH","20200430",4.8133,502479120,1256197800,,1,1265.7,,1589969555460,635987822184,2020-04-30 15:30:51.000,"0"
{A47D4BD5-B044-6AFB-E053-1001C80AF09B},"000300.SH","600566.SH","20200430",0.0511,325968850,814922124,,1,20.72,,16885186409.28,6754074572,2020-04-30 15:30:51.000,"0"
{A47D4BD5-B045-6AFB-E053-1001C80AF09B},"000300.SH","600583.SH","20200430",0.0828,2210677400,4421354800,,1,4.95,,21885706260,10942853130,2020-04-30 15:30:51.000,"0"
{A47D4BD5-B046-6AFB-E053-1001C80AF09B},"000300.SH","600585.SH","20200430",0.9075,1999851290,3999702579,,1,59.96,,239822166636.84,119911083348.4,2020-04-30 15:30:51.000,"0"
{A47D4BD5-B047-6AFB-E053-1001C80AF09B},"000300.SH","600588.SH","20200430",0.4396,1251748714,2503497428,,1,46.4,,116162280659.2,58081140329.6,2020-04-30 15:30:51.000,"0"
{A47D4BD5-B048-6AFB-E053-1001C80AF09B},"000300.SH","600606.SH","20200430",0.1564,3650446316,12168154385,,1,5.66,,68871753819.1,20661526148.56,2020-04-30 15:30:51.000,"0"
{A47D4BD5-B049-6AFB-E053-1001C80AF09B},"000300.SH","600637.SH","20200430",0.1404,2058589429,3430982381,,1,9.01,,30913151252.81,18547890755.29,2020-04-30 15:30:51.000,"0"
{A47D4BD5-B04A-6AFB-E053-1001C80AF09B},"000300.SH","600655.SH","20200430",0.0894,1553504786,3883761964,,1,7.6,,29516590926.4,11806636373.6,2020-04-30 15:30:51.000,"0"
{A47D4BD5-B04B-6AFB-E053-1001C80AF09B},"000300.SH","600660.SH","20200430",0.21,1402090432,2002986332,,1,19.79,,39639099510.28,27747369649.28,2020-04-30 15:30:51.000,"0"
{A47D4BD5-B04C-6AFB-E053-1001C80AF09B},"000300.SH","600663.SH","20200430",0.078,880038432,2933461440,,1,11.71,,34350833462.4,10305250038.72,2020-04-30 15:30:51.000,"0"
{A47D4BD5-B04D-6AFB-E053-1001C80AF09B},"000300.SH","600674.SH","20200430",0.1195,1760856192,4402140480,,1,8.97,,39487200105.6,15794880042.24,2020-04-30 15:30:51.000,"0"
{A47D4BD5-B04E-6AFB-E053-1001C80AF09B},"000300.SH","600690.SH","20200430",0.4313,3686333476,6143889126,,1,15.46,,94984525887.96,56990715538.96,2020-04-30 15:30:51.000,"0"
{A47D4BD5-B04F-6AFB-E053-1001C80AF09B},"000300.SH","600703.SH","20200430",0.4067,2447054957,4078424928,,1,21.96,,89562211418.88,53737326855.72,2020-04-30 15:30:51.000,"0"
{A47D4BD5-B050-6AFB-E053-1001C80AF09B},"000300.SH","600705.SH","20200430",0.1602,5385795460,8976325766,,1,3.93,,35276960260.38,21166176157.8,2020-04-30 15:30:51.000,"0"
{A47D4BD5-B051-6AFB-E053-1001C80AF09B},"000300.SH","600733.SH","20200430",0.058,1397463735,3493659337,,1,5.48,,19145253166.76,7658101267.8,2020-04-30 15:30:51.000,"0"
{A47D4BD5-B052-6AFB-E053-1001C80AF09B},"000300.SH","600741.SH","20200430",0.2434,1576361992,3152723984,,1,20.4,,64315569273.6,32157784636.8,2020-04-30 15:30:51.000,"0"
{A47D4BD5-B053-6AFB-E053-1001C80AF09B},"000300.SH","600760.SH","20200430",0.1065,420116786,1400389285,,1,33.49,,46899037154.65,14069711163.14,2020-04-30 15:30:51.000,"0"
{A47D4BD5-B054-6AFB-E053-1001C80AF09B},"000300.SH","600795.SH","20200430",0.1776,11790238707,19650397845,,1,1.99,,39104291711.55,23462575026.93,2020-04-30 15:30:51.000,"0"
{A47D4BD5-B055-6AFB-E053-1001C80AF09B},"000300.SH","600809.SH","20200430",0.2123,261458480,871528266,,1,107.31,,93523698224.46,28057109488.8,2020-04-30 15:30:51.000,"0"
{A47D4BD5-B056-6AFB-E053-1001C80AF09B},"000300.SH","600816.SH","20200430",0.0414,2187655168,5469137919,,1,2.5,,13672844797.5,5469137920,2020-04-30 15:30:51.000,"0"
{A47D4BD5-B057-6AFB-E053-1001C80AF09B},"000300.SH","600837.SH","20200430",0.7894,8092131180,8092131180,,1,12.89,,104307570910.2,104307570910.2,2020-04-30 15:30:51.000,"0"
{A47D4BD5-B058-6AFB-E053-1001C80AF09B},"000300.SH","600848.SH","20200430",0.0595,398984542,1994922712,,1,19.7,,39299977426.4,7859995477.4,2020-04-30 15:30:51.000,"0"
{A47D4BD5-B059-6AFB-E053-1001C80AF09B},"000300.SH","601607.SH","20200430",0.1615,1153809971,1923016618,,1,18.5,,35575807433,21345484463.5,2020-04-30 15:30:51.000,"0"
{A47D4BD5-B05A-6AFB-E053-1001C80AF09B},"000300.SH","600867.SH","20200430",0.1366,1423791962,2033988517,,1,12.68,,25790974395.56,18053682078.16,2020-04-30 15:30:51.000,"0"
{A47D4BD5-B05B-6AFB-E053-1001C80AF09B},"000300.SH","600886.SH","20200430",0.1975,3393011674,6786023347,,1,7.69,,52184519538.43,26092259773.06,2020-04-30 15:30:51.000,"0"
{A47D4BD5-B05C-6AFB-E053-1001C80AF09B},"000300.SH","600887.SH","20200430",1.3493,6097125108,6097125108,,1,29.24,,178279938157.92,178279938157.92,2020-04-30 15:30:51.000,"0"
{A47D4BD5-B05D-6AFB-E053-1001C80AF09B},"000300.SH","600893.SH","20200430",0.1686,899937780,2249844450,,1,24.75,,55683650137.5,22273460055,2020-04-30 15:30:51.000,"0"
{A47D4BD5-B05E-6AFB-E053-1001C80AF09B},"000300.SH","600535.SH","20200430",0.0962,907599737,1512666229,,1,14.01,,21192453868.29,12715472315.37,2020-04-30 15:30:51.000,"0"
{A47D4BD5-B05F-6AFB-E053-1001C80AF09B},"000300.SH","600516.SH","20200430",0.1032,1632405896,2720676493,,1,8.35,,22717648716.55,13630589231.6,2020-04-30 15:30:51.000,"0"
{A47D4BD5-B060-6AFB-E053-1001C80AF09B},"000300.SH","600050.SH","20200430",0.3678,9310111706,31033705687,,1,5.22,,161995943686.14,48598783105.32,2020-04-30 15:30:51.000,"0"
{A47D4BD5-B061-6AFB-E053-1001C80AF09B},"000300.SH","600522.SH","20200430",0.2074,2452864843,3066081054,,1,11.17,,34248125373.18,27398500296.31,2020-04-30 15:30:51.000,"0"
{A47D4BD5-B062-6AFB-E053-1001C80AF09B},"000300.SH","600030.SH","20200430",1.528,8518758663,10648448329,,1,23.7,,252368225397.3,201894580313.1,2020-04-30 15:30:51.000,"0"
{A47D4BD5-B063-6AFB-E053-1001C80AF09B},"000300.SH","600004.SH","20200430",0.1237,1034660257,2069320514,,1,15.8,,32695264121.2,16347632060.6,2020-04-30 15:30:51.000,"0"
{A47D4BD5-B064-6AFB-E053-1001C80AF09B},"000300.SH","600570.SH","20200430",0.499,642517387,803146734,,1,102.61,,82410886375.74,65928709080.07,2020-04-30 15:30:51.000,"0"
{A47D4BD5-B065-6AFB-E053-1001C80AF09B},"000300.SH","600436.SH","20200430",0.3202,301658605,603317210,,1,140.25,,84615238702.5,42307619351.25,2020-04-30 15:30:51.000,"0"
{A47D4BD5-B066-6AFB-E053-1001C80AF09B},"000300.SH","600031.SH","20200430",0.8768,5895952579,8422789398,,1,19.65,,165507811670.7,115855468177.35,2020-04-30 15:30:51.000,"0"
{A47D4BD5-B067-6AFB-E053-1001C80AF09B},"000300.SH","600271.SH","20200430",0.1452,1117510507,1862517511,,1,17.17,,31979425663.87,19187655405.19,2020-04-30 15:30:51.000,"0"
{A47D4BD5-B068-6AFB-E053-1001C80AF09B},"000300.SH","600029.SH","20200430",0.1757,4300361545,8600723089,,1,5.4,,46443904680.6,23221952343,2020-04-30 15:30:51.000,"0"
{A47D4BD5-B069-6AFB-E053-1001C80AF09B},"000300.SH","600352.SH","20200430",0.2383,2602665488,3253331860,,1,12.1,,39365315506,31492252404.8,2020-04-30 15:30:51.000,"0"
{A47D4BD5-B06A-6AFB-E053-1001C80AF09B},"000300.SH","600489.SH","20200430",0.1097,1725568595,3451137189,,1,8.4,,28989552387.6,14494776198,2020-04-30 15:30:51.000,"0"
{A47D4BD5-B06B-6AFB-E053-1001C80AF09B},"000300.SH","600487.SH","20200430",0.1676,1332581042,1903687203,,1,16.62,,31639281313.86,22147496918.04,2020-04-30 15:30:51.000,"0"
{A47D4BD5-B06C-6AFB-E053-1001C80AF09B},"000300.SH","600547.SH","20200430",0.2856,1039986533,2599966332,,1,36.29,,94352778188.28,37741111282.57,2020-04-30 15:30:51.000,"0"
{A47D4BD5-B06D-6AFB-E053-1001C80AF09B},"000300.SH","600015.SH","20200430",0.3056,6154889593,15387223983,,1,6.56,,100940189328.48,40376075730.08,2020-04-30 15:30:51.000,"0"
{A47D4BD5-B06E-6AFB-E053-1001C80AF09B},"000300.SH","600406.SH","20200430",0.3516,2311057563,4622115125,,1,20.1,,92904514012.5,46452257016.3,2020-04-30 15:30:51.000,"0"
{A47D4BD5-B06F-6AFB-E053-1001C80AF09B},"000300.SH","600900.SH","20200430",1.1622,8800000000,22000000000,,1,17.45,,383900000000,153560000000,2020-04-30 15:30:51.000,"0"
{A47D4BD5-B070-6AFB-E053-1001C80AF09B},"000300.SH","600340.SH","20200430",0.2184,1205481164,3013702909,,1,23.94,,72148047641.46,28859219066.16,2020-04-30 15:30:51.000,"0"
{A47D4BD5-B071-6AFB-E053-1001C80AF09B},"000300.SH","000100.SZ","20200430",0.4751,13528438719,13528438719,,1,4.64,,62771955656.16,62771955656.16,2020-04-30 15:30:51.000,"0"
{A47D4BD5-B072-6AFB-E053-1001C80AF09B},"000300.SH","600438.SH","20200430",0.2942,2572713410,4287855684,,1,15.11,,64789499385.24,38873699625.1,2020-04-30 15:30:51.000,"0"
{A47D4BD5-B073-6AFB-E053-1001C80AF09B},"000300.SH","002001.SZ","20200430",0.2663,1289197380,2148662300,,1,27.29,,58636994167,35182196500.2,2020-04-30 15:30:51.000,"0"
{A47D4BD5-B074-6AFB-E053-1001C80AF09B},"000300.SH","002007.SZ","20200430",0.3219,1094386036,1823976726,,1,38.87,,70897975339.62,42538785219.32,2020-04-30 15:30:51.000,"0"
{A47D4BD5-B075-6AFB-E053-1001C80AF09B},"000300.SH","002008.SZ","20200430",0.1958,853655382,1067069227,,1,30.3,,32332197578.1,25865758074.6,2020-04-30 15:30:51.000,"0"
{A47D4BD5-B076-6AFB-E053-1001C80AF09B},"000300.SH","002010.SZ","20200430",0.0606,1303125871,3257814678,,1,6.14,,20002982122.92,8001192847.94,2020-04-30 15:30:51.000,"0"
{A47D4BD5-B077-6AFB-E053-1001C80AF09B},"000300.SH","600482.SH","20200430",0.0834,677998385,1694995962,,1,16.25,,27543684382.5,11017473756.25,2020-04-30 15:30:51.000,"0"
{A47D4BD5-B078-6AFB-E053-1001C80AF09B},"000300.SH","002024.SZ","20200430",0.2373,3724015862,9310039655,,1,8.42,,78390533895.1,31356213558.04,2020-04-30 15:30:51.000,"0"
{A47D4BD5-B079-6AFB-E053-1001C80AF09B},"000300.SH","002027.SZ","20200430",0.3748,10274516196,14677880280,,1,4.82,,70747382949.6,49523168064.72,2020-04-30 15:30:51.000,"0"
{A47D4BD5-B07A-6AFB-E053-1001C80AF09B},"000300.SH","002032.SZ","20200430",0.0819,164223982,821119910,,1,65.88,,54095379670.8,10819075934.16,2020-04-30 15:30:51.000,"0"
{A47D4BD5-B07B-6AFB-E053-1001C80AF09B},"000300.SH","600027.SH","20200430",0.0905,3258297221,8145743053,,1,3.67,,29894877004.51,11957950801.07,2020-04-30 15:30:51.000,"0"
{A47D4BD5-B07C-6AFB-E053-1001C80AF09B},"000300.SH","002044.SZ","20200430",0.2376,2743944682,3919920974,,1,11.44,,44843895942.56,31390727162.08,2020-04-30 15:30:51.000,"0"
{A47D4BD5-B07D-6AFB-E053-1001C80AF09B},"000300.SH","002050.SZ","20200430",0.2306,1382828949,2765657898,,1,22.03,,60927443492.94,30463721746.47,2020-04-30 15:30:51.000,"0"
{A47D4BD5-B07E-6AFB-E053-1001C80AF09B},"000300.SH","601988.SH","20200430",0.5551,21076551485,210765514846,,1,3.48,,733463991664.08,73346399167.8,2020-04-30 15:30:51.000,"0"
{A47D4BD5-B07F-6AFB-E053-1001C80AF09B},"000300.SH","002153.SZ","20200430",0.0743,320291887,1067639624,,1,30.66,,32733830871.84,9820149255.42,2020-04-30 15:30:51.000,"0"
{A47D4BD5-B080-6AFB-E053-1001C80AF09B},"000300.SH","002146.SZ","20200430",0.1066,1739265540,4348163851,,1,8.1,,35220127193.1,14088050874,2020-04-30 15:30:51.000,"0"
{A47D4BD5-B081-6AFB-E053-1001C80AF09B},"000300.SH","600048.SH","20200430",0.8798,7158658471,11931097452,,1,16.24,,193761022620.48,116256613569.04,2020-04-30 15:30:51.000,"0"
{A47D4BD5-B082-6AFB-E053-1001C80AF09B},"000300.SH","601006.SH","20200430",0.3231,5946716596,14866791491,,1,7.18,,106743562905.38,42697425159.28,2020-04-30 15:30:51.000,"0"
{A47D4BD5-B083-6AFB-E053-1001C80AF09B},"000300.SH","601111.SH","20200430",0.164,2988639546,9962131821,,1,7.25,,72225455702.25,21667636708.5,2020-04-30 15:30:51.000,"0"
